image_id,filename,sha256,size_bytes
1-1,1-1.jpg,16c8b6ef21bd106f6229643ab02fee435a73563485160c64d5eac9e5c19d2f44,7449
1-2,1-2.jpg,d9cb3bbdd472e472c9f80fa9db19877a51f3ad931889f03d380f9d155ca867c0,7047
2-1,2-1.jpg,4c390cab45d7793acde1917cc6c343bfdece7f98faca8ae93220ba7b58bad292,167980
2-2,2-2.jpg,64688ab0f55ef236e467677bb8db893d01616c01d8923cad7e55cf53da06615f,4656
3-1,3-1.jpg,6d4b129168c70ae11059197ac5a1d1784bd9673b751937d98539e1347809284a,46610
3-2,3-2.jpg,38b2385bcfaeff81121609c4e1d1379e852cac061ecb4ed9c96b405f0abeb3b9,35815
4-1,4-1.jpg,2775512b71a86f31e950c2d538927df50661423d1a5b1a3eb17e5dd3fff0fdb8,57804
4-2,4-2.jpg,df88fa2787da135b63d8a44f5ef64eaff08a121b99aa05a1a4d15030836619b4,49052
4-3,4-3.jpg,a512f56529f863508e8ccae2c02e44d29ffc8ff2c18356c4f5819c32c324ac09,175409
5-1,5-1.jpg,589bad34aefce12c54edbac3b2719b2364fea38829d953c2dd548960607a1ff1,379547
5-2,5-2.jpg,5abc4d76685540446ed2a4bd0a60098d603d6ae4f078d9ec948b40ce40ba4f59,69811
6-1,6-1.jpg,479f1a51d8ce9cf6cef7abe89bc2bbfe9f4daca9e657bfe664437f91380ea57b,894840
6-2,6-2.jpg,6b7c00a314ae1f1b9891c8f9834c000ad2db39241592cc664a77c5a764e048cd,370899
6-3,6-3.jpg,2bd153784e9fa96cba643c3437bfaae5c3c796dc4725fc48b19e5037a3cbb339,42998
7-1,7-1.jpg,d3e4c66fc08ecd15d172929f34e68c6b1bcaca061006eac61dbc499a1e4da78b,23655
7-2,7-2.jpg,f05fbbbb98ff0f700f0dd0c5f9cb1d846a5f597327839a92b88e1fcef6ffbd63,93368
8-1,8-1.jpg,1b5f1da271c70302169c4071de457afc99347e997ef87d35952138daa90cb49d,414982
8-2,8-2.jpg,ad2e1a6a977eb6525506c177415633509176d92aa95869f9004f5292e14d94a2,217637
8-3,8-3.jpg,a4678cdb5d049308eff9621cc55f89b14653ef9b2a137590334a7c040628260b,226078
8-4,8-4.jpg,c87dc5e7541065d07d13e9952619695d1ecd6c4cb0c5aa307e871fb3d5cee00d,326896
9-1,9-1.jpg,34e3268d098ae0db86ae75373079a7eb99efc9f52626101ab06b1e76dd41b3c4,49610
9-2,9-2.jpg,62142986ca8108d3f29fee7e17e6af5650e1c7bdfdc9a95870bf910fa30abc0d,412679
10-1,10-1.jpg,2e49fa4bc99971e5355e210da95e59f7649679bf9f8ff37b235dce90871b1bf6,963262
10-2,10-2.jpg,8708a3ebe73af7353b69997ab5ba72c7f187966fb047ac10a19d9eeec37df81c,188978
11-1,11-1.jpg,0880710be9995a227384c0e0cc9f6fc12dca5ad3c804a3e818c5510ba0638de2,565828
11-2,11-2.jpg,c03f9dfa0d3de0e0dc11f09652f532d7869116f0c31e2573e4b1e322fd51bbeb,141052
12-1,12-1.jpg,e74a36f1c1416f5bf3caf5e2737954b120b31744192157a380bc2667575e87d5,124760
12-2,12-2.jpg,6195f71e1d92fbab5c88c305aff3022bf79f515c4985c9f4d4c3bec986ec5912,582567
12-3,12-3.jpg,c2eaf6586cd5f8c21a406e1c6cd6de8134da8a244a1c4f1d5455f3b097ab2ada,143910
12-4,12-4.jpg,4a125abf1a2e42b744eecd36456de4ec6ea3ee7a2cd009e63d21dcd2502345c5,60976
13-1,13-1.jpg,7e0f5ffea04363faf4265fc656790e578bd2e47615d1bb137e384212db414dec,253418
13-2,13-2.jpg,49812235c9df8dcdd06791936c1f5f177874adcf2a3cbb82a71cadf92dd11986,2075929
13-3,13-3.jpg,9c118fae2f02a6c0e9554ab130f4288135ad5d62daf76a2256a6a84abac6ecc7,1831636
13-4,13-4.jpg,dc728db282536455ab49a1e33f9bc5d22758bb0dad82504cb38d76defd6f5e41,1924682
14-1,14-1.jpg,2418a412c64b9f42b8897b1af2cf6577a566483520e78e5bd222a73c8ca26762,68494
14-2,14-2.jpg,1c55d224aa787890632fa1e1c62b7a6da5795ac876723b8411117e816f21f735,64734
14-3,14-3.jpg,0053e7f5575e7673ed7566d6d47d891fa0a9981fd8e852ace336bc2e1444b491,496919
15-1,15-1.jpg,6489e150cf784914eead71dc881670acbe45888db010c4ae75ca15c1dfd2310c,297706
15-2,15-2.jpg,e4bae3f9c03281bcbc98e75f0ff5e28d741f6193efd3e1951c52a13168f116ef,191580
15-3,15-3.jpg,6f28dbc5170e67ac96e4ab80c38be2299d567d14bc2e675cad060a9c0181f35c,5377806
15-4,15-4.jpg,fac500e577610b99db8d5c613e16b6fe0a39479faa5ffac69adb25af709b85db,361648
16-1,16-1.jpg,e3db470e7be53cd74e07de3ea63da652ecfcf4afd11f5a32934d4a091b568f6d,891343
16-2,16-2.jpg,b19fe338347260d6f82e12bf5b43634b2f0503089cdbb715f9dfe13c1d5639b4,935955
17-1,17-1.jpg,38194ad087ab64c553c475cb5641bd948a8d1cb15841600fa9e3907ea42c3919,1747372
17-2,17-2.jpg,80f3935bf89c55b289a4b456731fe7b709bf7a29b8eac0e10b70f9c11bdc3122,1698113
17-3,17-3.jpg,6e4570d15fa914b13f0e9fad51b282e5f40d7a7d984371866e8965c2e8fbd594,1694226
17-4,17-4.jpg,b9e80ec5d6ec45bead48ae2efe2084e21cba05eb2818afa3cdfc58e50072a588,1803052
18-1,18-1.jpg,053d04e4bbccdcf0043b171bf6ae7781b1b6404bf92b88430c86bfe196551986,363381
18-2,18-2.jpg,72c710e7b269e0f845086ddd42f26a879ad504ff362844e282a50f78ab6d4bf2,2217427
18-3,18-3.jpg,47a3d172db9ca880ef144b5843a64ab7c05ecda06c938d004d5cad626a6cecfb,2218233
18-4,18-4.jpg,587747635f7a8fd28aa60f7c11c93d63921428cd0d8603201344b5e4aeab6a35,2272921
19-1,19-1.jpg,298e9658b4d213c036c9c25f5f7c75877f14b9880f608d8768e856ef2bbe1ff7,26535
19-2,19-2.jpg,5b1bba9e64db1bac8696b16daa6167f8e5cf22cee4715c9b5562c5c09555c073,22440
20-1,20-1.jpg,75b0ee829aefef445d2a33a994a50b88043010d88972dfc13c6b74e36c2fe748,1439490
20-2,20-2.jpg,2ff2259f29573c0c9b53c785746a76f2a9c6dacab5119d42c1eb443aeceee3ec,1400789
21-1,21-1.jpg,7e823ca5b9323727f5c1baa67fe4b562bbd4bb53526f5daf39c01ac672f8181a,1340877
21-2,21-2.jpg,b64826c719827183f95d02becb22d4d16d344a33593285b9cb3f7b61f1aecb41,1776415
22-1,22-1.png,bbe453c68aad0017c911c70248e7fd8329761c646a4fb8be58c6a8382205804a,1312011
22-2,22-2.jpg,b732b50f24ea9c0d26892de0a94fb35fadeaeac29e7951f71023dfb2f296a813,1656914
23-1,23-1.jpg,f2c445647c19d59d07895ede71cd3b89185802686a129a7fddf2425ef711c877,617609
23-2,23-2.jpg,e5385119045ac5ce860056dfc8cd17574c02d214ae2086f743c5ed64d05a5773,745580
24-1,24-1.jpg,db13ef3e2694eec8251f476cc762726f5dcb956f8649c5f7c2d2ef246b74d076,1928186
24-2,24-2.jpg,c7fe8a91e0fb4ec0351a1d11ff66aaf8fa269a1bdf86e1a3a613b8e0065dae74,1977488
24-3,24-3.jpg,706f0f2ec5c51b3b453ce393bf2e8e4a0c10b257d1ae6bad31f546070127cabf,1954303
25-1,25-1.jpg,fa3a5c2b84d8dc5c9536059ccd4199589312af7a9015eff77489606994320cd1,2049925
25-2,25-2.jpg,f2c8b7b650119d1d77c11d0589ceb662f0e41da70262e74f89249661c27fd484,2316106
26-1,26-1.jpg,f9f64726dcdbe9a10fe5bf7697f7356883b86d1e31d5ab70a01836e67a3918c1,1851923
26-2,26-2.jpg,43668c7770fe53862f0e7227cec32d81cff3c78af014c32bdec2bc49c6e231f0,2124484
27-1,27-1.jpg,989f646de1620dd7d7b716970e6c7f361255aa6beacd7e007bab2d07dcf6650e,1747602
27-2,27-2.jpg,f9bff87d4cf4cb8ce62d656f190bc13eea6be4864108e01493fb9b6ed7476dbc,2028292
28-1,28-1.jpg,2f6845bb90e41bb27f989847ff0579cede9fa83c5fc73ba251ac72b72cc5bf5b,1743167
28-2,28-2.jpg,4dfb5a862fb80895d00e4a77f3f0cd7be2154685511ac335f56aecb586deafe2,1816623
29-1,29-1.jpg,859cc374364b6736896571154bcfe08cdbe17c5cc1487f2b2cc5a10ebe9528ac,2360358
29-2,29-2.jpg,66586eb59dbaef463c7f9221c968874eda0dfd67c874eaae48460bc7288a9519,2188274
30-1,30-1.jpg,349fb55b566ca3182e49e06240026c55bedd4c4be6479ed84eb1bd2a4043018a,2491060
30-2,30-2.jpg,6faca40ad50476fac00eddcd526ad457fc7e3c86467f83aba3575fcd306fa1bb,1920195
31-1,31-1.jpg,edac6f936dcf1bca510233880f0cc162c76a6b8ef92df52f5ef4145db9105f2c,2730167
31-2,31-2.jpg,1a946bc177e98dd2a61eabca283acaf032976ea0c4f6ad1e0f751b677bfdba4d,3001395
31-3,31-3.jpg,63f80a2eff30b614c43cab5603af6f837ea153875e7c27d0da5410f66e3df126,2928155
32-1,32-1.jpg,12f0dc961b776d9c913e059b8c0a81d0b41827634e7ef97aadc2240f3a51361c,1550023
32-2,32-2.jpg,a3d8b4c74044cbbed7bff5839a40f0b211bc1c316aa583451c40d4f91af8903a,1780325
32-3,32-3.jpg,6e23b79d8cecc2f6583480b57f54177bcc13e24504cec00758c41c811827feb5,1717575
33-1,33-1.jpg,7e7e9bbb3aaa5ff2bc03c752d180228efbac984a7f981763d43c7f8820ce85fe,2076940
33-2,33-2.jpg,349c2a3c48ccee53999a5a792d340ab5b715c413cc3f4de2f1c8e52304c96a94,1724907
33-3,33-3.jpg,936f80c8add2699be9ffb29127afb0734d69bc7b258e42e59fd0f034975a08ab,1694662
33-4,33-4.jpg,43f1ed879cfada9bd22e80884e14102ec440b0e92c7535b09380cd1cbcc696e4,1772854
34-1,34-1.jpg,02c6259d46f34d9de443a73b0be0bff1c912ffe7b40c55877728cff60d2489d7,2371823
34-2,34-2.jpg,524268922ec1ded8060c13a1022f33dcb2ff838246f1e4abcac1e8592db4ef32,1981267
34-3,34-3.jpg,ab54efd1992218032a9cf34eabe962dfd5af0525118d29a9f772b0f056cf4776,2078798
34-4,34-4.jpg,54b77dd8508b18cc320701e2e5d4c650978915a6fa05d172f0e86ddea6abe0a1,2523541
35-1,35-1.jpg,d04df00aae9d3967bd74eb7c7d450994ea7740e004b334d940c35e014501a3ca,2079755
35-2,35-2.jpg,6d17dcf21e76573755ebee6384ecbe403fbeb727f8db5182f8ae4812a1ac0848,2386778
35-3,35-3.jpg,10205cc5ff7b04e752488d2961e48affc5f0a07ee8b10d130097b4f6c44be1db,2233235
35-4,35-4.jpg,ba2c5fd9c9d4ce52dc892896c23304741802304b9340e9b37b1dc1d6c4927f77,1578812
36-1,36-1.jpg,2d64bb31e8364b1273ec84982df46c32b5a61ea7fa2f2fa30991a0783baa5905,2076217
36-2,36-2.jpg,04f4be171c77bd14487ef9de0913a7c2c5fa48512a4e03f79a5c4ec740ab2090,2029999
36-3,36-3.jpg,3fa192292182a7fb61742fbdb74776331c6dd2b8aa75125f90d983d801574c7b,1995585
37-1,37-1.jpg,84ed239ac3c1055c4360271dcb67df6e4ce723d7ea0fbe9498a2f6f8a5d8c13a,1989533
37-2,37-2.jpg,dd0bd73dee04bbf9f59bb7e99fd922607b2f1ba4ca2a22bcb8e50478f6fcf822,2031987
37-3,37-3.jpg,368cf7b7ef47e0933e9b60541ae321361571d2dbc8bd6b7deb0dc657f9a54e21,1748301
37-4,37-4.jpg,684d90d74f53c22d9803a783fd94aae748e9e03e3a2545c2288739a3122033d0,1873987
38-1,38-1.jpg,306da8e53e925ba955642eae0accb0ba62cef59558fa82e0b6191f3d90edeb61,2838118
38-2,38-2.jpg,0d73943364afba3ae9159f0185d92fc1f693592d0d6f16826a8325820d2c5b14,2112861
38-3,38-3.jpg,e6cb6c4e66173605074385681b01dc5a5a48ddd0ef8ec3252efa18c7e0a73839,2053368
38-4,38-4.jpg,cde6c0bfc4d75929bfdecc9dcdccb03e1a451e4c3b969d5b4fbd3671f7a27b17,1996394
39-1,39-1.jpg,03f4b589a5e2d41157469bd7d408adc9a074c1cafe30b38e83c9cea90c8fcf02,1826053
39-2,39-2.jpg,caa24d290e23d039b2919bf710e4dff3c91b14496fc9f5de8173b01490529190,1709587
39-3,39-3.jpg,a24d002df42948753691e4df2451ccc9992b9e98f1fd4be97d02d856c13a9996,1651242
39-4,39-4.jpg,3ffef033f7142455493701837855ea600aff5f344fc64b0af7b7666445e4fc8a,1624179
39-5,39-5.jpg,420133cdbf6d04c2726d1bfcdabcd93dc97ec474624405e8b638d3219d50e4a9,1690499
39-6,39-6.jpg,eed48382cc25576341b17f0dd40a499aed0472bb5e503581871b62c179c27301,1491976
40-1,40-1.jpg,69f59e0a3a5df9a370b171f5554dd46aca48643dad6ba97dd77de6a5577dacd0,2037520
40-2,40-2.jpg,214fcc8becc7470b8e7a364d2c32bc67a91a3b927418a1fcd637ae0c57e5cf72,1955430
40-3,40-3.jpg,ccca1924e706e2812a2f82b4c56dd2e92b9b6f39cd11bfa21e3754fe6fa9815f,1912242
40-4,40-4.jpg,5c6546d73626c7b78232e840c4042023e81776a98a4dd14351a0d0d359dec83b,2106516
g-1,g-1.png,943338cbf3221f686e7f8eab88ffc3c7ca097f6fc19aae82b4af59fa203117af,2722937
g-2,g-2.png,81625f82d1617b53b838379a4be27cbc819155fbabf5b2dc8260886504801ba6,2444867
g-3,g-3.png,ce1b9f30916a8bb389cb95d8f9f3efa89d41f2201c0c3463027617f733cbec89,2348550
g-4,g-4.png,028bb6df9bd3dc350e76ba8c22fa0e1cb639e92303af4dc846affe7efa790518,2254416
g-5,g-5.png,18c5d003c54e5972ece8d465de6c24f2dc1a8b93a1340b27d56c6f82c338676a,1859511
g-6,g-6.png,93ff41bee863ec554e1263fc7692d5f0358a6823a5a25da157b3b68f0e9616a4,2342893
g-7,g-7.jpg,8ca4120f66fae4b59d7213575d3bb0dbbacaee41dbe2b5ded97789c375e99150,2547544
g-8,g-8.png,ad7606a77fad7da59dfb0bff7252e1cc83f128afd9d09f0f56b8f0247d65f786,2949236
o-1,o-1.jpg,465ce5e16a46ae2345602e9171dd9d71e3f2541db1587e0b00b60a3ad76e919e,577736
o-2,o-2.jpg,21aa96fa08ee7513fe40f6f363813482ecc5d47bee6902d10ca1e7f04b65a45c,864784
o-3,o-3.png,a318ff701d0413ebdd3b64a4fe3aae1393429e697e0dd7267cc26549ef97c010,2366147
o-4,o-4.jpg,3cd81fb287509c815cfe4fc77155f35774ecd6d081273d884317e58d0483a67b,38727
